<?xml version="1.0" encoding="utf-8"?>
<FrameLayout xmlns:android="http://schemas.android.com/apk/res/android"
    xmlns:app="http://schemas.android.com/apk/res-auto"
    xmlns:tools="http://schemas.android.com/tools"
    android:layout_width="match_parent"
    android:layout_height="match_parent"
    tools:context=".MainActivity">

    <LinearLayout
        android:id="@+id/tab1"
        android:visibility="invisible"
        android:layout_width="match_parent"
        android:layout_height="match_parent"
        android:orientation="vertical" >

        <Chronometer
            android:id="@+id/chronometer1"
            android:layout_width="match_parent"
            android:layout_height="wrap_content"
            android:gravity="center"
            android:format="예약에 걸린 시간 %s" />

        <RadioGroup
            android:layout_width="wrap_content"
            android:layout_height="wrap_content" >

            <RadioButton
                android:id="@+id/rdoCal"
                android:layout_width="wrap_content"
                android:layout_height="wrap_content"
                android:text="날짜 설정 (캘린더뷰)"
                android:visibility="invisible"/>

            <RadioButton
                android:id="@+id/rdoTime"
                android:layout_width="wrap_content"
                android:layout_height="wrap_content"
                android:text="시간 설정"
                android:visibility="invisible" />
        </RadioGroup>


        <LinearLayout
            android:layout_width="match_parent"
            android:layout_height="wrap_content"
            android:layout_weight="1" >

            <FrameLayout
                android:layout_width="match_parent"
                android:layout_height="wrap_content" >

                <CalendarView
                    android:id="@+id/calendarView1"
                    android:layout_width="match_parent"
                    android:layout_height="wrap_content" />

                <TimePicker
                    android:id="@+id/timePicker1"
                    android:layout_width="match_parent"
                    android:layout_height="wrap_content"
                    android:timePickerMode="spinner" />

            </FrameLayout>
        </LinearLayout>
        <TextView
            android:id="@+id/tvSuccessText"
            android:layout_width="match_parent"
            android:layout_height="wrap_content"
            android:text="0000년 00월 00일 00시 00분 예약대기"
            android:gravity="center" />
    </LinearLayout>

    <LinearLayout
        android:id="@+id/tab2"
        android:visibility="invisible"
        android:layout_width="match_parent"
        android:layout_height="wrap_content"
        android:orientation="vertical" >

        <SlidingDrawer
            android:layout_width="match_parent"
            android:layout_height="match_parent"
            android:content="@+id/content"
            android:handle="@+id/handle" >

            <Button
                android:id="@+id/handle"
                android:layout_width="match_parent"
                android:layout_height="wrap_content"
                android:text="서랍 손잡이" />


            <LinearLayout
                android:layout_width="match_parent"
                android:layout_height="wrap_content"
                android:id="@+id/content"
                android:orientation="vertical">

                <LinearLayout
                    android:layout_width="match_parent"
                    android:layout_height="wrap_content"
                    android:orientation="horizontal" >

                    <Button
                        android:id="@+id/btnPrev"
                        android:layout_width="wrap_content"
                        android:layout_height="wrap_content"
                        android:layout_weight="1"
                        android:layout_marginHorizontal="5dp"
                        android:text="사진보기 시작" />

                    <Button
                        android:id="@+id/btnNext"
                        android:layout_width="wrap_content"
                        android:layout_height="wrap_content"
                        android:layout_weight="1"
                        android:layout_marginHorizontal="5dp"
                        android:text="사진보기 정지" />
                </LinearLayout>

                <ViewFlipper
                    android:layout_width="match_parent"
                    android:layout_height="match_parent"
                    android:id="@+id/viewFlipper1"
                    android:visibility="invisible" >

                    <ImageView
                        android:id="@+id/imgView1"
                        android:layout_width="match_parent"
                        android:layout_height="match_parent"
                        android:src="@drawable/airplane"
                        android:tag="airplane" />

                    <ImageView
                        android:id="@+id/imgView2"
                        android:layout_width="match_parent"
                        android:layout_height="match_parent"
                        android:src="@drawable/shanghai"
                        android:tag="shanghai" />

                    <ImageView
                        android:id="@+id/imgView3"
                        android:layout_width="match_parent"
                        android:layout_height="match_parent"
                        android:src="@drawable/jeju"
                        android:tag="jeju" />

                </ViewFlipper>
            </LinearLayout>
        </SlidingDrawer>
    </LinearLayout>
</FrameLayout>